{"cameraMode":{"drawMode":0,"name":"Shaded","section":"Shading Mode"},"sceneLighting":false,"audioPlay":false,"sceneViewState":{"m_AlwaysRefresh":false,"showFog":true,"showSkybox":false,"showFlares":true,"showImageEffects":true,"showParticleSystems":true,"showVisualEffectGraphs":true,"m_FxEnabled":true},"in2DMode":false,"pivot":{"x":-3.7292439937591554,"y":0.06735493987798691,"z":19.853727340698243},"rotation":{"x":-0.0645701214671135,"y":0.07835406810045243,"z":-0.005050533451139927,"w":-0.9948439598083496},"size":14.316638946533204,"orthographic":false}