{"cameraMode":{"drawMode":0,"name":"Shaded","section":"Shading Mode"},"sceneLighting":false,"audioPlay":false,"sceneViewState":{"m_AlwaysRefresh":false,"showFog":true,"showSkybox":false,"showFlares":true,"showImageEffects":true,"showParticleSystems":true,"showVisualEffectGraphs":true,"m_FxEnabled":true},"in2DMode":false,"pivot":{"x":-0.8524038791656494,"y":-8.430685043334961,"z":21.265607833862306},"rotation":{"x":-0.2423589825630188,"y":0.01222452986985445,"z":-0.0030340482480823995,"w":-0.9701279997825623},"size":14.316638946533204,"orthographic":false}