{"cameraMode":{"drawMode":0,"name":"Shaded","section":"Shading Mode"},"sceneLighting":false,"audioPlay":false,"sceneViewState":{"m_AlwaysRefresh":false,"showFog":true,"showSkybox":false,"showFlares":true,"showImageEffects":true,"showParticleSystems":true,"showVisualEffectGraphs":true,"m_FxEnabled":true},"in2DMode":false,"pivot":{"x":0.4956466555595398,"y":-5.098065376281738,"z":23.193937301635743},"rotation":{"x":-0.18228945136070252,"y":-0.0023601294960826637,"z":0.00046107915113680065,"w":-0.9832649230957031},"size":14.316638946533204,"orthographic":false}