{"cameraMode":{"drawMode":0,"name":"Shaded","section":"Shading Mode"},"sceneLighting":true,"audioPlay":false,"sceneViewState":{"m_AlwaysRefresh":false,"showFog":true,"showSkybox":false,"showFlares":true,"showImageEffects":true,"showParticleSystems":true,"showVisualEffectGraphs":true,"m_FxEnabled":true},"in2DMode":false,"pivot":{"x":0.12095975875854492,"y":4.74678897857666,"z":3.714045524597168},"rotation":{"x":0.26445484161376955,"y":-0.14393888413906098,"z":0.037613026797771457,"w":0.9531571269035339},"size":8.660256385803223,"orthographic":false}