{"cameraMode":{"drawMode":0,"name":"Shaded","section":"Shading Mode"},"sceneLighting":true,"audioPlay":false,"sceneViewState":{"m_AlwaysRefresh":false,"showFog":true,"showSkybox":false,"showFlares":true,"showImageEffects":true,"showParticleSystems":true,"showVisualEffectGraphs":true,"m_FxEnabled":true},"in2DMode":false,"pivot":{"x":858.1449584960938,"y":716.5357666015625,"z":-44.88226318359375},"rotation":{"x":0.21315960586071015,"y":-0.016531405970454217,"z":0.0031919830944389107,"w":0.976994514465332},"size":500.6246337890625,"orthographic":false}