{"cameraMode":{"drawMode":0,"name":"Shaded","section":"Shading Mode"},"sceneLighting":true,"audioPlay":false,"sceneViewState":{"m_AlwaysRefresh":false,"showFog":true,"showSkybox":false,"showFlares":true,"showImageEffects":true,"showParticleSystems":true,"showVisualEffectGraphs":true,"m_FxEnabled":true},"in2DMode":false,"pivot":{"x":217.2827606201172,"y":192.95765686035157,"z":-33.579097747802737},"rotation":{"x":0.14815755188465119,"y":0.03669489175081253,"z":-0.00590765755623579,"w":0.9883849620819092},"size":126.82463073730469,"orthographic":false}