{"cameraMode":{"drawMode":0,"name":"Shaded","section":"Shading Mode"},"sceneLighting":false,"audioPlay":false,"sceneViewState":{"m_AlwaysRefresh":false,"showFog":true,"showSkybox":false,"showFlares":true,"showImageEffects":true,"showParticleSystems":true,"showVisualEffectGraphs":true,"m_FxEnabled":true},"in2DMode":false,"pivot":{"x":328.7523193359375,"y":323.8617248535156,"z":249.9925537109375},"rotation":{"x":0.031191352754831315,"y":-0.021269798278808595,"z":-0.00033556928974576294,"w":-0.999386191368103},"size":433.3992919921875,"orthographic":false}