{"cameraMode":{"drawMode":0,"name":"Shaded","section":"Shading Mode"},"sceneLighting":false,"audioPlay":false,"sceneViewState":{"m_AlwaysRefresh":false,"showFog":true,"showSkybox":false,"showFlares":true,"showImageEffects":true,"showParticleSystems":true,"showVisualEffectGraphs":true,"m_FxEnabled":true},"in2DMode":false,"pivot":{"x":0.43651479482650759,"y":16.376083374023439,"z":-15.638526916503907},"rotation":{"x":-0.21588698029518128,"y":0.043043103069067,"z":-0.00951861497014761,"w":-0.9754447937011719},"size":0.09845512360334397,"orthographic":false}