{"cameraMode":{"drawMode":0,"name":"Shaded","section":"Shading Mode"},"sceneLighting":false,"audioPlay":false,"sceneViewState":{"m_AlwaysRefresh":false,"showFog":true,"showSkybox":false,"showFlares":true,"showImageEffects":true,"showParticleSystems":true,"showVisualEffectGraphs":true,"m_FxEnabled":true},"in2DMode":false,"pivot":{"x":-11.175323486328125,"y":7.8065104484558109,"z":-0.26142120361328127},"rotation":{"x":0.07339475303888321,"y":0.42678821086883547,"z":-0.03477988392114639,"w":0.9007160663604736},"size":3.316624879837036,"orthographic":false}