{"cameraMode":{"drawMode":0,"name":"Shaded","section":"Shading Mode"},"sceneLighting":true,"audioPlay":false,"sceneViewState":{"m_AlwaysRefresh":false,"showFog":true,"showSkybox":false,"showFlares":true,"showImageEffects":true,"showParticleSystems":true,"showVisualEffectGraphs":true,"m_FxEnabled":true},"in2DMode":false,"pivot":{"x":-10.820643424987793,"y":7.764703273773193,"z":-8.526570320129395},"rotation":{"x":0.16092202067375184,"y":0.30115675926208498,"z":-0.051626041531562808,"w":0.9385292530059815},"size":1.3056684732437134,"orthographic":false}