{"cameraMode":{"drawMode":0,"name":"Shaded","section":"Shading Mode"},"sceneLighting":true,"audioPlay":false,"sceneViewState":{"m_AlwaysRefresh":false,"showFog":true,"showSkybox":false,"showFlares":true,"showImageEffects":true,"showParticleSystems":true,"showVisualEffectGraphs":true,"m_FxEnabled":true},"in2DMode":false,"pivot":{"x":-5.121998310089111,"y":12.341690063476563,"z":-10.048657417297364},"rotation":{"x":0.3563271164894104,"y":0.09507571905851364,"z":-0.036465227603912356,"w":0.9288492202758789},"size":1.3056684732437134,"orthographic":false}