{"cameraMode":{"drawMode":0,"name":"Shaded","section":"Shading Mode"},"sceneLighting":true,"audioPlay":false,"sceneViewState":{"m_AlwaysRefresh":false,"showFog":true,"showSkybox":false,"showFlares":true,"showImageEffects":true,"showParticleSystems":true,"showVisualEffectGraphs":true,"m_FxEnabled":true},"in2DMode":false,"pivot":{"x":0.44036269187927248,"y":3.5023295879364015,"z":7.083126068115234},"rotation":{"x":0.07558965682983399,"y":0.9163706302642822,"z":-0.20713002979755402,"w":0.33428171277046206},"size":3.3729090690612795,"orthographic":false}