{"cameraMode":{"drawMode":0,"name":"Shaded","section":"Shading Mode"},"sceneLighting":false,"audioPlay":false,"sceneViewState":{"m_AlwaysRefresh":false,"showFog":true,"showSkybox":false,"showFlares":true,"showImageEffects":true,"showParticleSystems":true,"showVisualEffectGraphs":true,"m_FxEnabled":true},"in2DMode":false,"pivot":{"x":-3.1009016036987306,"y":8.270387649536133,"z":3.933839797973633},"rotation":{"x":0.29971128702163699,"y":-0.26723814010620119,"z":0.08537653833627701,"w":0.9121660590171814},"size":17.075376510620118,"orthographic":false}