{"cameraMode":{"drawMode":0,"name":"Shaded","section":"Shading Mode"},"sceneLighting":true,"audioPlay":false,"sceneViewState":{"m_AlwaysRefresh":false,"showFog":true,"showSkybox":false,"showFlares":true,"showImageEffects":true,"showParticleSystems":true,"showVisualEffectGraphs":true,"m_FxEnabled":true},"in2DMode":false,"pivot":{"x":-0.28093433380126955,"y":0.040602922439575198,"z":-0.2519187927246094},"rotation":{"x":-0.29055163264274599,"y":0.4445551633834839,"z":-0.15358860790729524,"w":-0.8335068821907044},"size":6.504714012145996,"orthographic":false}