{"cameraMode":{"drawMode":0,"name":"Shaded","section":"Shading Mode"},"sceneLighting":true,"audioPlay":false,"sceneViewState":{"m_AlwaysRefresh":false,"showFog":true,"showSkybox":true,"showFlares":true,"showImageEffects":true,"showParticleSystems":true,"showVisualEffectGraphs":true,"m_FxEnabled":true},"in2DMode":false,"pivot":{"x":-93.72645568847656,"y":-2.53839111328125,"z":168.64187622070313},"rotation":{"x":0.37620317935943606,"y":0.024697091430425645,"z":-0.010933894664049149,"w":0.9263049960136414},"size":115.09140014648438,"orthographic":false}