{"cameraMode":{"drawMode":0,"name":"Shaded","section":"Shading Mode"},"sceneLighting":true,"audioPlay":false,"sceneViewState":{"m_AlwaysRefresh":false,"showFog":true,"showSkybox":true,"showFlares":true,"showImageEffects":true,"showParticleSystems":true,"showVisualEffectGraphs":true,"m_FxEnabled":true},"in2DMode":false,"pivot":{"x":23.922142028808595,"y":-37.21759033203125,"z":5.915679931640625},"rotation":{"x":0.4590245485305786,"y":-0.15384380519390107,"z":0.08079275488853455,"w":0.8713698983192444},"size":208.93634033203126,"orthographic":false}