{"cameraMode":{"drawMode":0,"name":"Shaded","section":"Shading Mode"},"sceneLighting":true,"audioPlay":false,"sceneViewState":{"m_AlwaysRefresh":false,"showFog":true,"showSkybox":true,"showFlares":true,"showImageEffects":true,"showParticleSystems":true,"showVisualEffectGraphs":true,"m_FxEnabled":true},"in2DMode":false,"pivot":{"x":1029.3074951171875,"y":183.89157104492188,"z":3008.46337890625},"rotation":{"x":0.04979933425784111,"y":0.0006100700120441616,"z":-0.0018026110483333469,"w":0.9990135431289673},"size":2142.80224609375,"orthographic":false}