{"cameraMode":{"drawMode":0,"name":"Shaded","section":"Shading Mode"},"sceneLighting":true,"audioPlay":false,"sceneViewState":{"m_AlwaysRefresh":false,"showFog":true,"showSkybox":true,"showFlares":true,"showImageEffects":true,"showParticleSystems":true,"showVisualEffectGraphs":true,"m_FxEnabled":true},"in2DMode":false,"pivot":{"x":-189.76145935058595,"y":-317.4233093261719,"z":496.0780944824219},"rotation":{"x":0.3665601909160614,"y":-0.008386517874896527,"z":0.003262517973780632,"w":0.9303964376449585},"size":338.0834655761719,"orthographic":false}