{"cameraMode":{"drawMode":0,"name":"Shaded","section":"Shading Mode"},"sceneLighting":true,"audioPlay":false,"sceneViewState":{"m_AlwaysRefresh":false,"showFog":true,"showSkybox":true,"showFlares":true,"showImageEffects":true,"showParticleSystems":true,"showVisualEffectGraphs":true,"m_FxEnabled":true},"in2DMode":false,"pivot":{"x":38.716278076171878,"y":159.5428466796875,"z":63.207027435302737},"rotation":{"x":-0.35695481300354006,"y":0.14467063546180726,"z":-0.05417412519454956,"w":-0.9214763045310974},"size":409.7302551269531,"orthographic":false}