{"cameraMode":{"drawMode":0,"name":"Shaded","section":"Shading Mode"},"sceneLighting":true,"audioPlay":false,"sceneViewState":{"m_AlwaysRefresh":false,"showFog":true,"showSkybox":true,"showFlares":true,"showImageEffects":true,"showParticleSystems":true,"showVisualEffectGraphs":true,"m_FxEnabled":true},"in2DMode":false,"pivot":{"x":120.54402923583985,"y":-24.46942138671875,"z":66.88433837890625},"rotation":{"x":0.42038801312446597,"y":0.0010058366460725666,"z":-0.0013867233647033573,"w":0.9075088500976563},"size":669.9385375976563,"orthographic":false}