{"cameraMode":{"drawMode":0,"name":"Shaded","section":"Shading Mode"},"sceneLighting":true,"audioPlay":false,"sceneViewState":{"m_AlwaysRefresh":false,"showFog":true,"showSkybox":true,"showFlares":true,"showImageEffects":true,"showParticleSystems":true,"showVisualEffectGraphs":true,"m_FxEnabled":true},"in2DMode":false,"pivot":{"x":20.44437599182129,"y":83.273681640625,"z":-100.80136108398438},"rotation":{"x":0.3650151789188385,"y":-0.026530995965003969,"z":0.010410343296825886,"w":0.9305645823478699},"size":27.041635513305665,"orthographic":false}