{"cameraMode":{"drawMode":0,"name":"Shaded","section":"Shading Mode"},"sceneLighting":true,"audioPlay":false,"sceneViewState":{"m_AlwaysRefresh":false,"showFog":true,"showSkybox":true,"showFlares":true,"showImageEffects":true,"showParticleSystems":true,"showVisualEffectGraphs":true,"m_FxEnabled":true},"in2DMode":false,"pivot":{"x":206.84445190429688,"y":1.8824691772460938,"z":-196.90692138671876},"rotation":{"x":0.40851908922195437,"y":0.06087186932563782,"z":-0.02755543775856495,"w":0.9104016423225403},"size":12.12435531616211,"orthographic":false}