{"cameraMode":{"drawMode":0,"name":"Shaded","section":"Shading Mode"},"sceneLighting":true,"audioPlay":false,"sceneViewState":{"m_AlwaysRefresh":false,"showFog":true,"showSkybox":true,"showFlares":true,"showImageEffects":true,"showParticleSystems":true,"showVisualEffectGraphs":true,"m_FxEnabled":true},"in2DMode":false,"pivot":{"x":130.72512817382813,"y":133.20700073242188,"z":163.2362060546875},"rotation":{"x":0.09836333990097046,"y":0.6598716974258423,"z":-0.08792409300804138,"w":0.7398115396499634},"size":146.77792358398438,"orthographic":false}