{"cameraMode":{"drawMode":0,"name":"Shaded","section":"Shading Mode"},"sceneLighting":true,"audioPlay":false,"sceneViewState":{"m_AlwaysRefresh":false,"showFog":true,"showSkybox":true,"showFlares":true,"showImageEffects":true,"showParticleSystems":true,"showVisualEffectGraphs":true,"m_FxEnabled":true},"in2DMode":false,"pivot":{"x":-116.96437072753906,"y":-9.272605895996094,"z":18.110837936401368},"rotation":{"x":0.22929859161376954,"y":-0.6254774332046509,"z":0.19809791445732118,"w":0.7192330956459045},"size":28.977157592773439,"orthographic":false}