{"cameraMode":{"drawMode":0,"name":"Shaded","section":"Shading Mode"},"sceneLighting":true,"audioPlay":false,"sceneViewState":{"m_AlwaysRefresh":false,"showFog":true,"showSkybox":true,"showFlares":true,"showImageEffects":true,"showParticleSystems":true,"showVisualEffectGraphs":true,"m_FxEnabled":true},"in2DMode":false,"pivot":{"x":122.74508666992188,"y":85.95233917236328,"z":117.83975219726563},"rotation":{"x":0.29103365540504458,"y":-0.06048319488763809,"z":0.017499223351478578,"w":0.9548145532608032},"size":0.7806656360626221,"orthographic":false}