{"cameraMode":{"drawMode":0,"name":"Shaded","section":"Shading Mode"},"sceneLighting":true,"audioPlay":false,"sceneViewState":{"m_AlwaysRefresh":false,"showFog":true,"showSkybox":true,"showFlares":true,"showImageEffects":true,"showParticleSystems":true,"showVisualEffectGraphs":true,"m_FxEnabled":true},"in2DMode":false,"pivot":{"x":1.336318850517273,"y":9.50670337677002,"z":116.00560760498047},"rotation":{"x":0.21542097628116609,"y":0.07201079279184342,"z":-0.01777166686952114,"w":0.9739646911621094},"size":1.0734995603561402,"orthographic":false}