{"cameraMode":{"drawMode":0,"name":"Shaded","section":"Shading Mode"},"sceneLighting":true,"audioPlay":false,"sceneViewState":{"m_AlwaysRefresh":false,"showFog":true,"showSkybox":true,"showFlares":true,"showImageEffects":true,"showParticleSystems":true,"showVisualEffectGraphs":true,"m_FxEnabled":true},"in2DMode":false,"pivot":{"x":83.5817642211914,"y":256.0971374511719,"z":246.5821533203125},"rotation":{"x":-0.026657840237021447,"y":0.059316471219062808,"z":0.0013654176145792008,"w":0.9979735016822815},"size":928.7960205078125,"orthographic":false}