{"cameraMode":{"drawMode":0,"name":"Shaded","section":"Shading Mode"},"sceneLighting":true,"audioPlay":false,"sceneViewState":{"m_AlwaysRefresh":false,"showFog":true,"showSkybox":true,"showFlares":true,"showImageEffects":true,"showParticleSystems":true,"showVisualEffectGraphs":true,"m_FxEnabled":true},"in2DMode":false,"pivot":{"x":-111.99130249023438,"y":2.910255193710327,"z":109.7730484008789},"rotation":{"x":0.48265644907951357,"y":-0.08282327651977539,"z":0.04383666068315506,"w":0.8710819482803345},"size":8.660256385803223,"orthographic":false}