{"cameraMode":{"drawMode":0,"name":"Shaded","section":"Shading Mode"},"sceneLighting":true,"audioPlay":false,"sceneViewState":{"m_AlwaysRefresh":false,"showFog":true,"showSkybox":true,"showFlares":true,"showImageEffects":true,"showParticleSystems":true,"showVisualEffectGraphs":true,"m_FxEnabled":true},"in2DMode":false,"pivot":{"x":105.87388610839844,"y":-208.4464874267578,"z":198.75271606445313},"rotation":{"x":0.3920488655567169,"y":0.41424092650413515,"z":-0.20411503314971925,"w":0.795690655708313},"size":213.87432861328126,"orthographic":false}