{"cameraMode":{"drawMode":0,"name":"Shaded","section":"Shading Mode"},"sceneLighting":true,"audioPlay":false,"sceneViewState":{"m_AlwaysRefresh":false,"showFog":true,"showSkybox":true,"showFlares":true,"showImageEffects":true,"showParticleSystems":true,"showVisualEffectGraphs":true,"m_FxEnabled":true},"in2DMode":false,"pivot":{"x":274.67840576171877,"y":324.2369689941406,"z":-669.102783203125},"rotation":{"x":0.5132405757904053,"y":0.004593434277921915,"z":-0.0054544429294764999,"w":0.8585605621337891},"size":202.24606323242188,"orthographic":false}