{"cameraMode":{"drawMode":0,"name":"Shaded","section":"Shading Mode"},"sceneLighting":false,"audioPlay":false,"sceneViewState":{"m_AlwaysRefresh":false,"showFog":true,"showSkybox":false,"showFlares":true,"showImageEffects":true,"showParticleSystems":true,"showVisualEffectGraphs":true,"m_FxEnabled":true},"in2DMode":false,"pivot":{"x":437.5995178222656,"y":864.4078369140625,"z":162.09213256835938},"rotation":{"x":0.060267720371484759,"y":-0.011981552466750145,"z":0.0007260165293700993,"w":0.9981096386909485},"size":350.9701843261719,"orthographic":false}